-- CodeNova 시드 데이터: Python 기초 (무료) + Python 마스터 (유료)

-- ============================================================
-- 코스 1: Python 기초 과정 (무료)
-- ============================================================
INSERT INTO courses (id, title, slug, description, level, is_free, price, status, sort_order)
VALUES (
  'a1000000-0000-0000-0000-000000000001',
  'Python 기초 — 프로그래밍 첫걸음',
  'python-basics',
  '프로그래밍이 처음이어도 괜찮습니다. 변수, 조건문, 반복문, 함수까지 Python의 핵심을 쉽고 재미있게 배워보세요. 완강 후에는 간단한 프로그램을 직접 만들 수 있습니다.',
  '입문',
  true,
  0,
  'published',
  1
) ON CONFLICT (slug) DO UPDATE SET
  title = EXCLUDED.title,
  description = EXCLUDED.description,
  level = EXCLUDED.level,
  is_free = EXCLUDED.is_free,
  price = EXCLUDED.price;

-- 코스 2: Python 마스터 과정 (유료)
INSERT INTO courses (id, title, slug, description, level, is_free, price, status, sort_order)
VALUES (
  'a1000000-0000-0000-0000-000000000002',
  'Python 마스터 — 실전 개발자로 가는 길',
  'python-master',
  'OOP, 알고리즘, 웹 개발, 데이터 분석, 자동화까지. 기초를 넘어 실무에서 바로 쓸 수 있는 Python 실력을 완성합니다. 6개 프로젝트를 직접 만들며 포트폴리오까지 완성하세요.',
  '중급',
  false,
  59000,
  'published',
  2
) ON CONFLICT (slug) DO UPDATE SET
  title = EXCLUDED.title,
  description = EXCLUDED.description,
  level = EXCLUDED.level,
  is_free = EXCLUDED.is_free,
  price = EXCLUDED.price;

-- ============================================================
-- Python 기초 과정 — 섹션 (4개)
-- ============================================================
INSERT INTO sections (id, course_id, title, sort_order) VALUES
  ('b1000000-0000-0000-0000-000000000001', 'a1000000-0000-0000-0000-000000000001', '시작하기 — Python 설치와 첫 코드', 1),
  ('b1000000-0000-0000-0000-000000000002', 'a1000000-0000-0000-0000-000000000001', '데이터 다루기 — 변수, 문자열, 연산자', 2),
  ('b1000000-0000-0000-0000-000000000003', 'a1000000-0000-0000-0000-000000000001', '흐름 제어 — 조건문과 반복문', 3),
  ('b1000000-0000-0000-0000-000000000004', 'a1000000-0000-0000-0000-000000000001', '함수와 모듈 — 코드 재사용', 4)
ON CONFLICT (id) DO UPDATE SET title = EXCLUDED.title, sort_order = EXCLUDED.sort_order;

-- ============================================================
-- Python 마스터 과정 — 섹션 (6개)
-- ============================================================
INSERT INTO sections (id, course_id, title, sort_order) VALUES
  ('b2000000-0000-0000-0000-000000000001', 'a1000000-0000-0000-0000-000000000002', '자료구조 완전 정복', 1),
  ('b2000000-0000-0000-0000-000000000002', 'a1000000-0000-0000-0000-000000000002', '객체지향 프로그래밍 (OOP)', 2),
  ('b2000000-0000-0000-0000-000000000003', 'a1000000-0000-0000-0000-000000000002', '알고리즘과 문제 해결', 3),
  ('b2000000-0000-0000-0000-000000000004', 'a1000000-0000-0000-0000-000000000002', '웹 개발 입문 — Flask & API', 4),
  ('b2000000-0000-0000-0000-000000000005', 'a1000000-0000-0000-0000-000000000002', '데이터 분석 — pandas & 시각화', 5),
  ('b2000000-0000-0000-0000-000000000006', 'a1000000-0000-0000-0000-000000000002', '실전 프로젝트 & 포트폴리오', 6)
ON CONFLICT (id) DO UPDATE SET title = EXCLUDED.title, sort_order = EXCLUDED.sort_order;

-- ============================================================
-- Python 기초 과정 — 레슨 (25개, 약 6시간)
-- ============================================================

-- 섹션 1: 시작하기
INSERT INTO lessons (id, section_id, title, slug, description, video_id, duration, sort_order) VALUES
  ('c1000000-0000-0000-0000-000000000001', 'b1000000-0000-0000-0000-000000000001', 'Python이란? — 왜 전 세계가 배울까', 'B-L01', 'Python의 역사와 인기 이유, 그리고 무엇을 만들 수 있는지 알아봅니다.', 'kqtD5dpn9C8', '10:00', 1),
  ('c1000000-0000-0000-0000-000000000002', 'b1000000-0000-0000-0000-000000000001', '개발 환경 설정 — 5분 만에 시작', 'B-L02', 'Python 설치부터 VS Code 설정까지 한 번에 끝냅니다.', 'YYXdXT2l-Gg', '12:00', 2),
  ('c1000000-0000-0000-0000-000000000003', 'b1000000-0000-0000-0000-000000000001', '첫 프로그램 — Hello, World!', 'B-L03', 'print() 함수로 첫 프로그램을 작성하고 실행해봅니다.', 'ehSP-sYoKCY', '8:00', 3),
  ('c1000000-0000-0000-0000-000000000004', 'b1000000-0000-0000-0000-000000000001', 'Python 실행 방식 이해하기', 'B-L04', '터미널, 스크립트 파일, REPL의 차이를 배웁니다.', 'SaOFuW011G8', '10:00', 4)
ON CONFLICT (id) DO UPDATE SET section_id = EXCLUDED.section_id, title = EXCLUDED.title, slug = EXCLUDED.slug, description = EXCLUDED.description, video_id = EXCLUDED.video_id, duration = EXCLUDED.duration, sort_order = EXCLUDED.sort_order;

-- 섹션 2: 데이터 다루기
INSERT INTO lessons (id, section_id, title, slug, description, video_id, duration, sort_order) VALUES
  ('c1000000-0000-0000-0000-000000000005', 'b1000000-0000-0000-0000-000000000002', '변수 — 데이터를 담는 상자', 'B-L05', '변수 선언과 값 할당, 네이밍 규칙을 배웁니다.', 'khKv-8q7YmY', '12:00', 1),
  ('c1000000-0000-0000-0000-000000000006', 'b1000000-0000-0000-0000-000000000002', '숫자형 — 정수와 실수', 'B-L06', 'int, float 타입과 산술 연산자를 학습합니다.', 'v1064mFMEAs', '14:00', 2),
  ('c1000000-0000-0000-0000-000000000007', 'b1000000-0000-0000-0000-000000000002', '문자열 — 텍스트 다루기', 'B-L07', '문자열 생성, 슬라이싱, f-string 포매팅을 배웁니다.', 'k9TUPpGqYTo', '16:00', 3),
  ('c1000000-0000-0000-0000-000000000008', 'b1000000-0000-0000-0000-000000000002', '불리언과 비교 연산자', 'B-L08', 'True/False와 ==, !=, >, < 비교 연산을 이해합니다.', 'v1064mFMEAs', '10:00', 4),
  ('c1000000-0000-0000-0000-000000000009', 'b1000000-0000-0000-0000-000000000002', '입력 받기 — input() 함수', 'B-L09', '사용자 입력을 받아 처리하는 프로그램을 만듭니다.', 'ehSP-sYoKCY', '10:00', 5),
  ('c1000000-0000-0000-0000-000000000010', 'b1000000-0000-0000-0000-000000000002', '타입 변환과 에러 이해하기', 'B-L10', 'int(), str(), float() 변환과 흔한 에러를 배웁니다.', 'NIWwJbo-9_8', '12:00', 6),
  ('c1000000-0000-0000-0000-000000000011', 'b1000000-0000-0000-0000-000000000002', '실습: 나만의 계산기 만들기', 'B-L11', '배운 내용으로 사칙연산 계산기를 직접 만들어봅니다.', 'HW29067qVWk', '18:00', 7)
ON CONFLICT (id) DO UPDATE SET section_id = EXCLUDED.section_id, title = EXCLUDED.title, slug = EXCLUDED.slug, description = EXCLUDED.description, video_id = EXCLUDED.video_id, duration = EXCLUDED.duration, sort_order = EXCLUDED.sort_order;

-- 섹션 3: 흐름 제어
INSERT INTO lessons (id, section_id, title, slug, description, video_id, duration, sort_order) VALUES
  ('c1000000-0000-0000-0000-000000000012', 'b1000000-0000-0000-0000-000000000003', 'if문 — 조건에 따라 실행하기', 'B-L12', 'if, elif, else로 프로그램의 흐름을 제어합니다.', 'FN9sNSs3DcE', '14:00', 1),
  ('c1000000-0000-0000-0000-000000000013', 'b1000000-0000-0000-0000-000000000003', 'for문 — 반복의 기본', 'B-L13', 'for문과 range()로 반복 작업을 자동화합니다.', '6iF8Xb7Z3wQ', '16:00', 2),
  ('c1000000-0000-0000-0000-000000000014', 'b1000000-0000-0000-0000-000000000003', 'while문 — 조건 반복', 'B-L14', 'while문과 break, continue 키워드를 배웁니다.', '6iF8Xb7Z3wQ', '12:00', 3),
  ('c1000000-0000-0000-0000-000000000015', 'b1000000-0000-0000-0000-000000000003', '리스트 기초 — 여러 데이터 관리', 'B-L15', '리스트 생성, 인덱싱, 주요 메서드를 배웁니다.', 'ohCDWZgNIU0', '16:00', 4),
  ('c1000000-0000-0000-0000-000000000016', 'b1000000-0000-0000-0000-000000000003', '딕셔너리 기초 — 이름표 붙은 데이터', 'B-L16', '키-값 쌍으로 데이터를 관리하는 딕셔너리를 배웁니다.', 'daefaLgNkw0', '14:00', 5),
  ('c1000000-0000-0000-0000-000000000017', 'b1000000-0000-0000-0000-000000000003', '중첩 반복과 패턴 출력', 'B-L17', '이중 for문으로 별 찍기, 구구단을 만듭니다.', '6iF8Xb7Z3wQ', '12:00', 6),
  ('c1000000-0000-0000-0000-000000000018', 'b1000000-0000-0000-0000-000000000003', '실습: 숫자 맞추기 게임', 'B-L18', '조건문 + 반복문 + 리스트를 활용한 게임을 만듭니다.', 'HW29067qVWk', '20:00', 7)
ON CONFLICT (id) DO UPDATE SET section_id = EXCLUDED.section_id, title = EXCLUDED.title, slug = EXCLUDED.slug, description = EXCLUDED.description, video_id = EXCLUDED.video_id, duration = EXCLUDED.duration, sort_order = EXCLUDED.sort_order;

-- 섹션 4: 함수와 모듈
INSERT INTO lessons (id, section_id, title, slug, description, video_id, duration, sort_order) VALUES
  ('c1000000-0000-0000-0000-000000000019', 'b1000000-0000-0000-0000-000000000004', '함수 만들기 — def로 코드 묶기', 'B-L19', '함수 정의, 매개변수, 반환값을 배웁니다.', '9Os0o3wzS_I', '16:00', 1),
  ('c1000000-0000-0000-0000-000000000020', 'b1000000-0000-0000-0000-000000000004', '함수 활용 — 기본값, 여러 반환값', 'B-L20', '기본값 인자, 다중 반환값 등 함수 활용법을 익힙니다.', '9Os0o3wzS_I', '14:00', 2),
  ('c1000000-0000-0000-0000-000000000021', 'b1000000-0000-0000-0000-000000000004', '에러 처리 — try/except', 'B-L21', '예외 처리로 프로그램 충돌을 방지하는 법을 배웁니다.', 'NIWwJbo-9_8', '12:00', 3),
  ('c1000000-0000-0000-0000-000000000022', 'b1000000-0000-0000-0000-000000000004', '파일 읽기/쓰기', 'B-L22', '텍스트 파일을 읽고 쓰는 법과 with문을 배웁니다.', 'Uh2ebFW8OYM', '14:00', 4),
  ('c1000000-0000-0000-0000-000000000023', 'b1000000-0000-0000-0000-000000000004', '모듈과 pip — 남이 만든 코드 쓰기', 'B-L23', 'import와 pip로 외부 라이브러리를 활용합니다.', 'V27FQ6UBTPY', '12:00', 5),
  ('c1000000-0000-0000-0000-000000000024', 'b1000000-0000-0000-0000-000000000004', '실습: To-Do 리스트 프로그램', 'B-L24', '함수 + 파일 + 리스트로 실용적인 프로그램을 완성합니다.', 'HW29067qVWk', '22:00', 6),
  ('c1000000-0000-0000-0000-000000000025', 'b1000000-0000-0000-0000-000000000004', '기초 과정 마무리 & 다음 단계', 'B-L25', '배운 내용 총정리와 마스터 과정 미리보기.', 'HW29067qVWk', '8:00', 7)
ON CONFLICT (id) DO UPDATE SET section_id = EXCLUDED.section_id, title = EXCLUDED.title, slug = EXCLUDED.slug, description = EXCLUDED.description, video_id = EXCLUDED.video_id, duration = EXCLUDED.duration, sort_order = EXCLUDED.sort_order;

-- ============================================================
-- Python 마스터 과정 — 레슨 (36개, 약 14시간)
-- ============================================================

-- 섹션 1: 자료구조 완전 정복
INSERT INTO lessons (id, section_id, title, slug, description, video_id, duration, sort_order) VALUES
  ('c2000000-0000-0000-0000-000000000001', 'b2000000-0000-0000-0000-000000000001', '리스트 심화 — 컴프리헨션과 슬라이싱', 'M-L01', '리스트 컴프리헨션, 중첩 리스트, 고급 슬라이싱을 마스터합니다.', 'ohCDWZgNIU0', '18:00', 1),
  ('c2000000-0000-0000-0000-000000000002', 'b2000000-0000-0000-0000-000000000001', '튜플과 네임드튜플', 'M-L02', '불변 자료구조의 장점과 namedtuple 활용법을 배웁니다.', 'GIHdn3MrLRI', '14:00', 2),
  ('c2000000-0000-0000-0000-000000000003', 'b2000000-0000-0000-0000-000000000001', '딕셔너리 심화 — defaultdict, Counter', 'M-L03', 'collections 모듈의 강력한 딕셔너리 변형을 학습합니다.', 'daefaLgNkw0', '16:00', 3),
  ('c2000000-0000-0000-0000-000000000004', 'b2000000-0000-0000-0000-000000000001', '집합(Set)과 집합 연산', 'M-L04', '중복 제거, 교집합, 합집합 등 집합 활용법을 익힙니다.', 'GIHdn3MrLRI', '12:00', 4),
  ('c2000000-0000-0000-0000-000000000005', 'b2000000-0000-0000-0000-000000000001', '스택, 큐, 덱(deque)', 'M-L05', 'LIFO, FIFO 자료구조를 직접 구현하고 활용합니다.', 'HW29067qVWk', '18:00', 5),
  ('c2000000-0000-0000-0000-000000000006', 'b2000000-0000-0000-0000-000000000001', '실습: 단어 빈도 분석기', 'M-L06', '자료구조를 활용해 텍스트에서 단어 빈도를 분석합니다.', 'HW29067qVWk', '22:00', 6)
ON CONFLICT (id) DO UPDATE SET section_id = EXCLUDED.section_id, title = EXCLUDED.title, slug = EXCLUDED.slug, description = EXCLUDED.description, video_id = EXCLUDED.video_id, duration = EXCLUDED.duration, sort_order = EXCLUDED.sort_order;

-- 섹션 2: 객체지향 프로그래밍
INSERT INTO lessons (id, section_id, title, slug, description, video_id, duration, sort_order) VALUES
  ('c2000000-0000-0000-0000-000000000007', 'b2000000-0000-0000-0000-000000000002', '클래스와 객체 — 설계도와 제품', 'M-L07', '클래스 정의, 인스턴스 생성, __init__ 메서드를 배웁니다.', 'ZDa-Z5JzLYM', '20:00', 1),
  ('c2000000-0000-0000-0000-000000000008', 'b2000000-0000-0000-0000-000000000002', '상속 — 코드를 물려주기', 'M-L08', '상속, 메서드 오버라이딩, super()를 이해합니다.', 'ZDa-Z5JzLYM', '18:00', 2),
  ('c2000000-0000-0000-0000-000000000009', 'b2000000-0000-0000-0000-000000000002', '캡슐화와 프로퍼티', 'M-L09', 'private 변수, @property 데코레이터를 학습합니다.', 'ZDa-Z5JzLYM', '16:00', 3),
  ('c2000000-0000-0000-0000-000000000010', 'b2000000-0000-0000-0000-000000000002', '다형성과 추상 클래스', 'M-L10', 'ABC 모듈과 다형성을 활용한 유연한 설계를 배웁니다.', 'ZDa-Z5JzLYM', '16:00', 4),
  ('c2000000-0000-0000-0000-000000000011', 'b2000000-0000-0000-0000-000000000002', '매직 메서드와 연산자 오버로딩', 'M-L11', '__str__, __repr__, __add__ 등 특수 메서드를 익힙니다.', 'ZDa-Z5JzLYM', '18:00', 5),
  ('c2000000-0000-0000-0000-000000000012', 'b2000000-0000-0000-0000-000000000002', '실습: 은행 계좌 시스템', 'M-L12', 'OOP로 입금, 출금, 이체 기능이 있는 시스템을 구현합니다.', 'HW29067qVWk', '28:00', 6)
ON CONFLICT (id) DO UPDATE SET section_id = EXCLUDED.section_id, title = EXCLUDED.title, slug = EXCLUDED.slug, description = EXCLUDED.description, video_id = EXCLUDED.video_id, duration = EXCLUDED.duration, sort_order = EXCLUDED.sort_order;

-- 섹션 3: 알고리즘과 문제 해결
INSERT INTO lessons (id, section_id, title, slug, description, video_id, duration, sort_order) VALUES
  ('c2000000-0000-0000-0000-000000000013', 'b2000000-0000-0000-0000-000000000003', '시간 복잡도와 Big-O 표기법', 'M-L13', '알고리즘 효율성을 측정하는 핵심 개념을 배웁니다.', 'HW29067qVWk', '16:00', 1),
  ('c2000000-0000-0000-0000-000000000014', 'b2000000-0000-0000-0000-000000000003', '재귀 함수 — 자기 자신을 호출하기', 'M-L14', '재귀적 사고방식과 팩토리얼, 피보나치를 구현합니다.', 'HW29067qVWk', '18:00', 2),
  ('c2000000-0000-0000-0000-000000000015', 'b2000000-0000-0000-0000-000000000003', '정렬 알고리즘 — 버블, 선택, 삽입', 'M-L15', '기본 정렬 알고리즘을 직접 구현하고 비교합니다.', 'HW29067qVWk', '20:00', 3),
  ('c2000000-0000-0000-0000-000000000016', 'b2000000-0000-0000-0000-000000000003', '고급 정렬 — 병합, 퀵 정렬', 'M-L16', '분할 정복 기반의 효율적 정렬 알고리즘을 구현합니다.', 'HW29067qVWk', '22:00', 4),
  ('c2000000-0000-0000-0000-000000000017', 'b2000000-0000-0000-0000-000000000003', '탐색 — 이진 탐색, DFS, BFS', 'M-L17', '효율적인 탐색 알고리즘의 원리와 구현을 배웁니다.', 'HW29067qVWk', '20:00', 5),
  ('c2000000-0000-0000-0000-000000000018', 'b2000000-0000-0000-0000-000000000003', '동적 프로그래밍 입문', 'M-L18', '메모이제이션과 타뷸레이션으로 최적화 문제를 풉니다.', 'HW29067qVWk', '22:00', 6),
  ('c2000000-0000-0000-0000-000000000019', 'b2000000-0000-0000-0000-000000000003', '실습: 코딩 테스트 문제 풀기', 'M-L19', '실전 코딩 테스트 유형 5문제를 풀어봅니다.', 'HW29067qVWk', '30:00', 7)
ON CONFLICT (id) DO UPDATE SET section_id = EXCLUDED.section_id, title = EXCLUDED.title, slug = EXCLUDED.slug, description = EXCLUDED.description, video_id = EXCLUDED.video_id, duration = EXCLUDED.duration, sort_order = EXCLUDED.sort_order;

-- 섹션 4: 웹 개발 입문
INSERT INTO lessons (id, section_id, title, slug, description, video_id, duration, sort_order) VALUES
  ('c2000000-0000-0000-0000-000000000020', 'b2000000-0000-0000-0000-000000000004', 'Flask 시작하기 — 5줄로 웹서버 만들기', 'M-L20', 'Flask 설치와 첫 라우트를 만들어봅니다.', 'HW29067qVWk', '16:00', 1),
  ('c2000000-0000-0000-0000-000000000021', 'b2000000-0000-0000-0000-000000000004', '라우팅과 템플릿', 'M-L21', 'URL 라우팅과 Jinja2 템플릿 엔진을 배웁니다.', 'HW29067qVWk', '18:00', 2),
  ('c2000000-0000-0000-0000-000000000022', 'b2000000-0000-0000-0000-000000000004', 'REST API 만들기', 'M-L22', 'JSON 응답, GET/POST 처리, 상태 코드를 구현합니다.', 'HW29067qVWk', '22:00', 3),
  ('c2000000-0000-0000-0000-000000000023', 'b2000000-0000-0000-0000-000000000004', '데이터베이스 연동 — SQLite', 'M-L23', 'Flask + SQLite로 CRUD API를 완성합니다.', 'HW29067qVWk', '24:00', 4),
  ('c2000000-0000-0000-0000-000000000024', 'b2000000-0000-0000-0000-000000000004', '실습: 북마크 API 서버', 'M-L24', 'REST API + DB로 북마크 관리 서버를 구축합니다.', 'HW29067qVWk', '30:00', 5)
ON CONFLICT (id) DO UPDATE SET section_id = EXCLUDED.section_id, title = EXCLUDED.title, slug = EXCLUDED.slug, description = EXCLUDED.description, video_id = EXCLUDED.video_id, duration = EXCLUDED.duration, sort_order = EXCLUDED.sort_order;

-- 섹션 5: 데이터 분석
INSERT INTO lessons (id, section_id, title, slug, description, video_id, duration, sort_order) VALUES
  ('c2000000-0000-0000-0000-000000000025', 'b2000000-0000-0000-0000-000000000005', 'pandas 시작하기 — DataFrame 이해', 'M-L25', 'pandas 설치와 DataFrame, Series 기초를 배웁니다.', 'HW29067qVWk', '18:00', 1),
  ('c2000000-0000-0000-0000-000000000026', 'b2000000-0000-0000-0000-000000000005', '데이터 정제 — 결측값, 중복, 변환', 'M-L26', '실제 데이터의 결측값 처리와 정제 기법을 학습합니다.', 'HW29067qVWk', '20:00', 2),
  ('c2000000-0000-0000-0000-000000000027', 'b2000000-0000-0000-0000-000000000005', '그룹화와 집계 — groupby 완전 정복', 'M-L27', 'groupby로 데이터를 그룹화하고 통계를 내는 법을 배웁니다.', 'HW29067qVWk', '18:00', 3),
  ('c2000000-0000-0000-0000-000000000028', 'b2000000-0000-0000-0000-000000000005', 'matplotlib로 시각화하기', 'M-L28', '선 그래프, 막대 그래프, 산점도 등을 그려봅니다.', 'HW29067qVWk', '20:00', 4),
  ('c2000000-0000-0000-0000-000000000029', 'b2000000-0000-0000-0000-000000000005', '실습: 공공데이터 분석 프로젝트', 'M-L29', '실제 공공데이터를 다운로드하여 분석하고 시각화합니다.', 'HW29067qVWk', '35:00', 5)
ON CONFLICT (id) DO UPDATE SET section_id = EXCLUDED.section_id, title = EXCLUDED.title, slug = EXCLUDED.slug, description = EXCLUDED.description, video_id = EXCLUDED.video_id, duration = EXCLUDED.duration, sort_order = EXCLUDED.sort_order;

-- 섹션 6: 실전 프로젝트 & 포트폴리오
INSERT INTO lessons (id, section_id, title, slug, description, video_id, duration, sort_order) VALUES
  ('c2000000-0000-0000-0000-000000000030', 'b2000000-0000-0000-0000-000000000006', '웹 스크래핑 — BeautifulSoup', 'M-L30', '웹 페이지에서 원하는 데이터를 자동 수집합니다.', 'HW29067qVWk', '30:00', 1),
  ('c2000000-0000-0000-0000-000000000031', 'b2000000-0000-0000-0000-000000000006', '업무 자동화 — 파일/이메일/엑셀', 'M-L31', 'openpyxl, smtplib로 반복 업무를 자동화합니다.', 'HW29067qVWk', '28:00', 2),
  ('c2000000-0000-0000-0000-000000000032', 'b2000000-0000-0000-0000-000000000006', '챗봇 만들기 — Telegram Bot', 'M-L32', 'Python으로 텔레그램 챗봇을 만들어 배포합니다.', 'HW29067qVWk', '32:00', 3),
  ('c2000000-0000-0000-0000-000000000033', 'b2000000-0000-0000-0000-000000000006', '데코레이터와 제너레이터', 'M-L33', '고급 Python 문법으로 효율적인 코드를 작성합니다.', 'ZDa-Z5JzLYM', '20:00', 4),
  ('c2000000-0000-0000-0000-000000000034', 'b2000000-0000-0000-0000-000000000006', 'Git & GitHub — 협업의 기본', 'M-L34', '버전 관리와 GitHub 포트폴리오 구성법을 배웁니다.', 'HW29067qVWk', '22:00', 5),
  ('c2000000-0000-0000-0000-000000000035', 'b2000000-0000-0000-0000-000000000006', '최종 프로젝트: 나만의 앱 완성', 'M-L35', '배운 모든 것을 종합한 최종 프로젝트를 완성합니다.', 'HW29067qVWk', '45:00', 6),
  ('c2000000-0000-0000-0000-000000000036', 'b2000000-0000-0000-0000-000000000006', '마스터 과정 수료 & 다음 여정', 'M-L36', '학습 로드맵 총정리와 AI/웹 개발 심화 과정 안내.', 'HW29067qVWk', '10:00', 7)
ON CONFLICT (id) DO UPDATE SET section_id = EXCLUDED.section_id, title = EXCLUDED.title, slug = EXCLUDED.slug, description = EXCLUDED.description, video_id = EXCLUDED.video_id, duration = EXCLUDED.duration, sort_order = EXCLUDED.sort_order;

-- ============================================================
-- 기존 불필요 데이터 정리
-- ============================================================
-- 기존 python-master slug 코스의 이전 섹션/레슨은 cascade로 자동 정리됨

-- 테스트 유저를 admin으로 설정
UPDATE profiles SET role = 'admin' WHERE email = 'test@codenova.kr';
